JOBID,CONTRACTID,BID,SCHOOL NAME,WA #,SID,PROJECT TYPE,PRIMARY HYGIENCIST,SERVICE NAME,WA TYPE,WA STATUS,INITIATION DATE,ESTIMATED COST,START DATE,END DATE,RFPID,DATE OF RFP,AMOUNT INVOICED,AMOUNT RECEIVED,DATE ON CHECK,PAID / UNPAID
17SD-136,13440,M470,LOUIS D. BRANDEIS HS - MANHATTAN,888431,68127,CIP,"Langlois, Bret",LAP Design Review & Specification,Amendment,Closed,11-07-2017,"$3,575.00 ",11-19-2017,01-26-2018,230,6/10/2019,"$7,470.50 ",$0.00 ,,UNPAID
19S-261,15128,K011,P.S. 11 - BROOKLYN,999593,74734,CIP,"Walsh, Joseph",LAP Construction Phase Services,RFA,Closed,11-14-2019,"$22,300.00 ",02-08-2020,07-22-2022,4200,3/27/2024,"$43,264.55 ","$43,264.55 ",5/2/2024,PAID
21S-102,15128,K061,I.S. 61 - BROOKLYN,1096267,83439,CIP,"Palermo, Albert",LAP Construction Phase Services,RFA,Closed,11-01-2021,$500.00 ,01-23-2022,12-15-2022,4196,10/25/2023,"$20,190.01 ","$20,190.01 ",8/24/2024,PAID
19S-010,15128,K110,P.S. 110 - BROOKLYN,967469,72073,CIP,"Towers, Daniel",PO 18 Asbestos Service,RFA,Closed,04-11-2019,$500.00 ,07-23-2020,08-02-2020,4184,7/20/2023,"$18,196.52 ","$18,196.52 ",7/25/2023,PAID
22S-083,15128,K163,P.S. 163 - BROOKLYN,1062263,81072,CIP,"Scott, Richard",LAP Construction Phase Services,Initial,WIP,02-12-2021,"$3,500.00 ",12-29-2022,06-17-2023,,,,,,UNPAID
21S-100,15128,K186,P.S. 186 - BROOKLYN,1097498,82916,CIP,"Scott, Richard",PO 18 Asbestos Service,Amendment,WIP,11-05-2021,"$10,700.00 ",,,,,,,,UNPAID
19S-001,15128,K480,BUSHWICK EDUCATIONAL CAMPUS - BROOKLYN,958748,68455,CIP,"Walsh, Joseph",LAP Construction Phase Services,RFA,WIP,01-16-2018,"$93,000.00 ",,,,,,,,UNPAID
19SD-,15128,K540,JOHN DEWEY HS - BROOKLYN,992170,74401,CIP,"Kordes, Kristin",LAP Design Review & Specification,Amendment,WIP,10-08-2019,"$1,750.00 ",,,,,,,,UNPAID
21S-026,15128,M015,P.S. 15 - MANHATTAN,1067993,81283,CIP,"Lazicki, Rafal",LAP Construction Phase Services,RFA,Closed,03-17-2021,"$28,500.00 ",06-03-2021,09-07-2022,4201,4/1/2024,"$167,322.32 ","$167,322.32 ",4/17/2024,PAID
20S-064,15128,M110,P.S. 110 - MANHATTAN,1053130,80200,CIP,"Lazicki, Rafal",PO 18 Asbestos Service,RFA,Closed,11-13-2020,"$6,000.00 ",11-13-2020,11-14-2020,4205,4/5/2024,"$4,097.91 ",$0.00 ,,UNPAID
19S-276,15128,M165,P.S. 165 - MANHATTAN,1002890,74984,CIP,"Lazicki, Rafal",PO 18 Asbestos Service,RFA,Closed,10-14-2019,$500.00 ,01-16-2020,05-18-2022,4180,6/15/2023,"$2,003.42 ","$2,003.42 ",7/11/2023,PAID
19S-273,15128,M620,NORMAN THOMAS HS (ECF) - MANHATTAN,983314,73197,CIP,"Lazicki, Rafal",LAP Construction Phase Services,RFA,Closed,08-09-2019,"$5,500.00 ",12-18-2019,10-30-2021,4179,6/6/2023,"$11,228.81 ","$11,228.81 ",7/3/2023,PAID
21S-059,15128,Q021,P.S. 21 - QUEENS,1081024,82138,CIP,"Kondilis, Milton",LAP Construction Phase Services,RFA,Closed,06-29-2021,"$27,000.00 ",08-30-2021,08-10-2023,4198,11/8/2023,"$40,541.88 ","$40,541.88 ",1/11/2024,PAID
23S-091,15128,Q041,P.S. 41 - QUEENS,1199787,89442,CIP,"Kondilis, Milton",PO 18 Asbestos Service,Initial,Closed,10-06-2023,"$7,700.00 ",10-07-2023,10-08-2023,69,3/29/2024,"$3,864.83 ","$3,864.83 ",5/13/2024,PAID
21S-037,15128,Q060,P.S. 60 - QUEENS,1071623,81514,CIP,"Poskrobko, Lukasz",PO 18 Asbestos Service,Amendment,Closed,04-22-2021,$500.00 ,05-13-2021,05-16-2021,4183,7/14/2023,"$5,286.62 ","$5,286.62 ",7/25/2023,PAID
21S-106,15128,Q081,P.S. 81 - QUEENS,1098684,83571,CIP,"Poskrobko, Lukasz",PO 18 Asbestos Service,Initial,Closed,11-16-2021,$500.00 ,08-01-2023,08-01-2023,4188,8/1/2023,$500.00 ,$500.00 ,8/4/2020,PAID
19S-002,15128,Q094,P.S. 94 - QUEENS,962451,71734,CIP,"Kondilis, Milton",PO 18 Asbestos Service,Initial,Closed,03-15-2019,$500.00 ,03-20-2019,08-17-2020,4185,7/20/2023,"$12,150.12 ","$12,150.12 ",9/22/2023,PAID
21S-019,15128,Q192,I.S. 192 - QUEENS,1065824,81133,CIP,"Kondilis, Milton",PO 18 Asbestos Service,RFA,Closed,03-02-2021,$900.00 ,04-15-2021,04-15-2021,4203,4/4/2024,"$1,226.11 ","$1,226.11 ",5/13/2024,PAID
21S-057,15128,Q192,I.S. 192 - QUEENS,1080851,82009,CIP,"Zarrabi, Abdi",PO 18 Asbestos Service,RFA,Closed,06-22-2021,$575.00 ,10-28-2021,04-19-2022,4155,9/1/2022,"$30,791.17 ","$30,791.17 ",7/5/2023,PAID
21S-070,15128,Q216,J.H.S. 216 - QUEENS,1084164,82491,CIP,"Kondilis, Milton",PO 18 Asbestos Service,RFA,Closed,08-03-2021,$500.00 ,12-02-2021,04-03-2022,4187,7/31/2023,"$14,987.36 ","$14,987.36 ",9/8/2023,PAID
20S-052,15128,Q450,NEWCOMERS HIGH SCHOOL (OLD LIC) - QUEENS,1048150,80036,CIP,"Poskrobko, Lukasz",PO 18 Asbestos Service,Initial,Closed,10-22-2020,$500.00 ,10-22-2020,10-25-2020,4189,8/1/2023,"$8,330.37 ","$8,330.37 ",8/8/2023,PAID
20S-019,15128,X074,I.S. 201 - BRONX,1034251,77151,CIP,"Alawamleh, Eman",PO 18 Asbestos Service,Initial,Closed,06-25-2020,$250.00 ,06-25-2020,06-29-2020,4197,10/31/2023,"$11,356.93 ","$11,356.93 ",2/2/2024,PAID
19S-280,15128,X040,P.S. 40 - QUEENS,1006948,75115,CIP,"Alawamleh, Eman",PO 18 Asbestos Service,Initial,Closed,12-27-2019,$500.00 ,12-27-2019,12-30-2019,4191,9/29/2023,"$7,569.40 ","$7,569.40 ",11/27/2023,PAID
21S-056,15128,X050,P.S. 50 - BRONX,1080758,82026,CIP,"Kowalski, Zbigniew",LAP Construction Phase Services,RFA,Closed,06-21-2021,"$2,900.00 ",02-04-2022,04-02-2022,4181,6/28/2023,"$7,742.94 ","$7,742.94 ",7/19/2023,PAID
19S-281,15128,X062,P.S. 62 - BRONX,1003970,75093,CIP,"Zarrabi, Abdi",PO 18 Asbestos Service,RFA,Closed,12-27-2019,$500.00 ,08-11-2020,08-19-2020,4190,9/6/2023,"$22,411.43 ","$22,411.43 ",10/6/2023,PAID
20S-063,15128,X066,P.S. 66 - BRONX,1052226,80086,CIP,"Kowalski, Zbigniew",PO 18 Asbestos Service,Amendment,Closed,11-23-2020,$500.00 ,01-01-2021,01-16-2021,4204,,"$18,887.10 ",$0.00 ,5/29/2024,UNPAID
21S-107,15128,X132,P.S. 132 - BRONX,1099356,82902,CIP,"Kowalski, Zbigniew",PO 18 Asbestos Service,Amendment,Closed,11-19-2021,$575.00 ,07-19-2023,07-21-2023,4199,2/1/2024,"$5,354.41 ","$5,354.41 ",7/30/2024,PAID
21S-109,15128,X151,I.S. 151 - BRONX,1097816,83513,CIP,"Alawamleh, Eman",LAP Construction Phase Services,RFA,Closed,09-01-2022,$500.00 ,01-27-2022,10-10-2022,4176,12/27/2022,"$15,437.96 ","$15,437.96 ",6/22/2023,PAID
24S-077,15128,Q089,P.S. 89 - QUEENS,1302817,91977,CIP,"Poskrobko, Lukasz",PO 18 Asbestos Service,Initial,NEW,08-09-2024,$575.00 ,,,,,,,,UNPAID
21S-105,15128,X405,HERBERT H. LEHMAN HS - BRONX,1098818,83582,CIP,"Alawamleh, Eman",LAP Construction Phase Services,Initial,WIP,11-16-2021,$500.00 ,,,,,,,,UNPAID
NA,15869,K014,I.S. 14 - BROOKLYN,1129904,85451,CIP,"Clyne, Sean",LAP Construction Phase Services,Initial,WIP,07-12-2022,"$9,700.00 ",,,,,,,,UNPAID
22S-057,15869,K016,P.S. 16 - BROOKLYN,1141526,86136,CIP,"Walsh, Joseph",PO 18 Asbestos Service,Initial,Closed,09-12-2022,$575.00 ,11-03-2022,11-12-2022,43,10/11/2023,"$17,026.88 ","$17,026.88 ",10/25/2023,PAID
24S-012,15869,K017,P.S. 17 - BROOKLYN,1218759,90624,CIP,"Walsh, Joseph",PO 18 Asbestos Service,Initial,NEW,02-08-2024,$575.00 ,,,,,,,,UNPAID
NA,15869,K027,P.S. 27 - BROOKLYN,1314173,93452,CIP,"Bracamonte, Jesus",Special Program,Initial,NEW,09-30-2024,"$4,000.00 ",,,,,,,,UNPAID
NA,15869,K043,I.S. 98 - BROOKLYN,1320962,93925,CIP,"Bracamonte, Jesus",Special Program,Initial,NEW,11-13-2024,"$4,100.00 ",,,,,,,,UNPAID
24S-004,15869,K050,J.H.S. 50 - BROOKLYN,1219382,90587,CIP,"Bracamonte, Jesus",LAP Construction Phase Services,Initial,NEW,02-16-2024,"$18,700.00 ",,,,,,,,UNPAID
NA,15869,K051,I.S. 51 - BROOKLYN,1302806,92774,CIP,"Bracamonte, Jesus",Special Program,Initial,NEW,08-04-2024,"$4,000.00 ",,,,,,,,UNPAID
23S-016,15869,K054,P.S. 54 - BROOKLYN,1166957,87386,CIP,"Walsh, Joseph",PO 18 Asbestos Service,Initial,Closed,02-10-2023,$575.00 ,03-23-2023,03-25-2023,28,7/11/2023,"$6,616.23 ","$6,616.23 ",7/19/2023,PAID
22S-055,15869,K055,I.S. 55 - BROOKLYN,1138365,86018,CIP,"Palermo, Albert",PO 18 Asbestos Service,RFA,Closed,09-06-2022,"$19,775.00 ",09-20-2022,11-13-2022,15,6/21/2022,"$27,095.76 ","$27,095.76 ",11/9/2023,PAID
22S-027,15869,K055,I.S. 55 - BROOKLYN,1130690,85488,CIP,"Palermo, Albert",PO 18 Asbestos Service,Initial,Closed,07-07-2022,"$6,075.00 ",08-11-2022,08-14-2022,80,7/17/2024,"$7,902.20 ","$7,902.20 ",10/4/2024,PAID
23S-133,15869,K061,I.S. 61 - BROOKLYN,1211600,90221,CIP,"Palermo, Albert",PO 18 Asbestos Service,Initial,Closed,12-27-2023,$575.00 ,01-12-2024,01-13-2024,78,4/22/2024,"$2,731.00 ","$2,731.00 ",7/9/2024,PAID
24S-090,15869,K061,I.S. 61 - BROOKLYN,1310278,93260,CIP,"Palermo, Albert",PO 18 Asbestos Service,Initial,NEW,09-06-2024,"$5,575.00 ",,,,,,,,UNPAID
24S-068,15869,K085,P.S. 73 (OLD P85/STERLING HS),1301194,92638,CIP,"Bracamonte, Jesus",Special Program,Initial,NEW,07-24-2024,"$4,000.00 ",,,,,,,,UNPAID
23S-017,15869,K086,P.S. 86 - BROOKLYN,1168027,87459,CIP,"Walsh, Joseph",PO 18 Asbestos Service,Initial,WIP,02-22-2023,$575.00 ,,,,,,,,UNPAID
24S-063,15869,K095,P.S. 95 - BROOKLYN,1300411,92557,CIP,"Bracamonte, Jesus",Special Program,Initial,NEW,07-21-2024,"$4,000.00 ",,,,,,,,UNPAID
NA,15869,K102,P.S. 102 - BROOKLYN,1306782,92043,CIP,"Scott, Richard",PO 18 Asbestos Service,Initial,NEW,08-29-2024,$575.00 ,,,,,,,,UNPAID
24S-038,15869,K104,P.S. 104 - BROOKLYN,1237242,91880,CIP,"Scott, Richard",PO 18 Asbestos Service,Initial,NEW,05-23-2024,"$9,075.00 ",,,,,,,,UNPAID
23S-087,15869,K110,P.S. 110 - BROOKLYN,1196133,89196,CIP,"Walsh, Joseph",PO 18 Asbestos Service,Initial,WIP,09-15-2023,$575.00 ,,,,,,,,UNPAID
23S-067,15869,K111,I.S. 111 - BROOKLYN,1188750,88871,CIP,"Walsh, Joseph",PO 18 Asbestos Service,Initial,WIP,07-26-2023,$575.00 ,,,,,,,,UNPAID
24S-079,15869,K114,P.S. 114 - BROOKLYN,1304841,92925,CIP,"Bracamonte, Jesus",Special Program,Initial,NEW,08-13-2024,"$4,000.00 ",,,,,,,,UNPAID
NA,15869,K226,P.S. 126 - BROOKLYN,1317417,93720,CIP,"Bracamonte, Jesus",Special Program,Initial,NEW,10-22-2024,"$4,100.00 ",,,,,,,,UNPAID
22S-085,15869,K127,P.S. 127 - BROOKLYN,1160020,86987,CIP,"Scott, Richard",PO 18 Asbestos Service,Initial,Closed,12-19-2022,"$5,175.00 ",12-17-2022,12-31-2022,97,5/28/2024,"$7,813.38 ","$7,813.38 ",7/8/2024,PAID
23S-029,15869,K128,P.S. 128 - BROOKLYN,1177163,88004,CIP,"Clyne, Sean",PO 18 Asbestos Service,Initial,WIP,04-25-2023,$575.00 ,,,,,,,,UNPAID
23S-049,15869,K128,P.S. 128 - BROOKLYN,1184671,88464,CIP,"Clyne, Sean",PO 18 Asbestos Service,Initial,WIP,06-21-2023,$575.00 ,,,,,,,,UNPAID
23S-104,15869,K136,I.S. 136 - BROOKLYN,1201696,89448,CIP,"Scott, Richard",PO 18 Asbestos Service,Initial,Closed,10-24-2023,"$1,575.00 ",01-11-2024,02-17-2024,128,8/16/2024,"$24,419.64 ","$24,419.64 ",9/19/2024,PAID
NA,15869,K138,P.S. 138 - BROOKLYN,1335922,94843,CIP,"Palermo, Albert",PO 18 Asbestos Service,Initial,NEW,02-13-2025,"$6,275.00 ",,,,,,,,UNPAID
23S-066,15869,K142,J.H.S. 142 - BROOKLYN,1187574,88679,CIP,"Bracamonte, Jesus",LAP Construction Phase Services,Initial,WIP,07-24-2023,"$8,000.00 ",,,,,,,,UNPAID
22S-054,15869,K149,P.S. 149 - BROOKLYN,1139236,85940,CIP,"Palermo, Albert",PO 18 Asbestos Service,Initial,Closed,09-06-2022,"$8,975.00 ",10-28-2022,11-19-2022,52,2/1/2024,"$11,479.15 ",$0.00 ,,UNPAID
23S-084,15869,K150,P.S. 150 - BROOKLYN,1195461,89302,CIP,"Palermo, Albert",PO 18 Asbestos Service,Initial,WIP,09-12-2023,$575.00 ,,,,,,,,UNPAID
24S-061,15869,K151,P.S. 151 - BROOKLYN,1302568,92321,CIP,"Walsh, Joseph",PO 18 Asbestos Service,Initial,NEW,08-05-2024,$575.00 ,,,,,,,,UNPAID
22S-046,15869,K159,P.S. 159 - BROOKLYN,1136527,85893,CIP,"Palermo, Albert",PO 18 Asbestos Service,Initial,Closed,08-15-2022,"$5,175.00 ",10-06-2022,10-08-2022,81,4/29/2024,"$6,613.85 ","$6,613.85 ",7/15/2024,PAID
24S-014,15869,K160,P.S. 160 - BROOKLYN,1222094,90892,CIP,"Scott, Richard",PO 18 Asbestos Service,Initial,NEW,02-28-2024,$575.00 ,,,,,,,,UNPAID
24S-064,15869,K162,I.S. 162 - BROOKLYN,1300412,92561,CIP,"Bracamonte, Jesus",Special Program,Initial,NEW,07-21-2024,"$4,000.00 ",,,,,,,,UNPAID
24S-054,15869,K162,I.S. 162 - BROOKLYN,1244202,92352,CIP,"Walsh, Joseph",PO 18 Asbestos Service,Initial,NEW,07-02-2024,$575.00 ,,,,,,,,UNPAID
NA,15869,K164,P.S. 164 - BROOKLYN,1320983,93856,CIP,"Scott, Richard",PO 18 Asbestos Service,Initial,NEW,11-19-2024,"$10,000.00 ",,,,,,,,UNPAID
NA,15869,K171,I.S. 171 - BROOKLYN,1320958,93926,CIP,,Special Program,Initial,NEW,11-13-2024,"$4,100.00 ",,,,,,,,UNPAID
24S-081,15869,K174,P.S. 174 - BROOKLYN,1304843,92927,CIP,"Bracamonte, Jesus",Special Program,Initial,NEW,08-13-2024,"$4,000.00 ",,,,,,,,UNPAID
23S-005,15869,K183,P.S. 183 - BROOKLYN,1160059,87043,CIP,"Palermo, Albert",PO 18 Asbestos Service,Amendment,WIP,01-10-2023,"$5,575.00 ",,,,,,,,UNPAID
22S-077,15869,K183,P.S. 183 - BROOKLYN,1141523,86004,CIP,"Palermo, Albert",PO 18 Asbestos Service,Initial,Closed,12-12-2022,"$8,575.00 ",02-16-2023,02-20-2023,121,7/31/2024,"$10,543.60 ","$10,543.60 ",10/8/2024,PAID
24S-080,15869,K184,P.S. 184 - BROOKLYN,1304844,92928,CIP,"Bracamonte, Jesus",Special Program,Initial,NEW,08-13-2024,"$4,000.00 ",,,,,,,,UNPAID
NA,15869,K224,P.S. 224 - BROOKLYN,1212815,90349,CIP,"Vafiadis, Jon",Special Program,Initial,NEW,01-12-2024,"$1,500.00 ",,,,,,,,UNPAID
NA,15869,K226,P.S. 226 - BROOKLYN,1317422,93720,CIP,"Bracamonte, Jesus",Special Program,Initial,NEW,10-22-2024,"$7,800.06 ",,,,,,,,UNPAID
24S-074,15869,K231,P.S. 231 - BROOKLYN,1302808,92767,CIP,"Bracamonte, Jesus",SAFE ACCESS,Initial,Closed,08-04-2024,"$4,000.00 ",08-14-2024,08-14-2024,141,1/9/2025,"$2,483.03 ","$2,483.03 ",,PAID
24S-016,15869,K232,I.S. 232 - BROOKLYN,1223724,89776,CIP,"Bracamonte, Jesus",LAP Construction Phase Services,Initial,NEW,03-13-2024,"$13,900.00 ",,,,,,,,UNPAID
24S-018,15869,K232,I.S. 232 - BROOKLYN,1223723,89768,CIP,"Bracamonte, Jesus",LAP Construction Phase Services,Initial,NEW,03-14-2024,"$13,900.00 ",,,,,,,,UNPAID
NA,15869,K233,P.S. 233 - BROOKLYN,1212811,90339,CIP,"Vafiadis, Jon",Special Program,Initial,NEW,01-11-2024,"$1,500.00 ",,,,,,,,UNPAID
NA,15869,K244,P.S. 244 - BROOKLYN,1212812,90338,CIP,"Vafiadis, Jon",Special Program,Initial,NEW,01-11-2024,"$1,500.00 ",,,,,,,,UNPAID
24S-082,15869,K246,I.S. 246 - BROOKLYN,1304840,92924,CIP,"Bracamonte, Jesus",Special Program,Initial,NEW,08-13-2024,"$4,000.00 ",,,,,,,,UNPAID
NA,15869,K250,P.S. 250 - BROOKLYN,1212797,90325,CIP,"Vafiadis, Jon",Special Program,Initial,NEW,01-11-2024,"$1,500.00 ",,,,,,,,UNPAID
NA,15869,K260,P.S. 260 - BROOKLYN,1212816,90348,CIP,"Vafiadis, Jon",Special Program,Initial,NEW,01-12-2024,"$1,500.00 ",,,,,,,,UNPAID
24S-007,15869,K261,P.S. 261 - BROOKLYN,1220932,90763,CIP,"Bracamonte, Jesus",LAP Construction Phase Services,Initial,NEW,02-21-2024,"$14,900.00 ",,,,,,,,UNPAID
23S-009,15869,K263,P.S./I.S. 323 - BROOKLYN,1162471,87190,CIP,"Palermo, Albert",PO 18 Asbestos Service,Initial,Closed,01-26-2023,"$10,175.00 ",04-27-2023,05-06-2023,111,6/24/2024,"$10,960.83 ","$10,960.83 ",9/12/2024,PAID
24S-068,15869,K265,I.S. 265 - BROOKLYN,1301193,92598,CIP,"Bracamonte, Jesus",Special Program,Initial,NEW,07-24-2024,"$4,000.00 ",,,,,,,,UNPAID
24S-066,15869,K265,I.S. 265 - BROOKLYN,1301193,92598,CIP,"Bracamonte, Jesus",Special Program,Initial,NEW,07-24-2024,"$4,000.00 ",,,,,,,,UNPAID
NA,15869,K273,P.S. 273 - BROOKLYN,1212817,90347,CIP,"Vafiadis, Jon",Special Program,Initial,NEW,01-12-2024,"$1,500.00 ",,,,,,,,UNPAID
NA,15869,K276,P.S. 276 - BROOKLYN,1212812,90337,CIP,"Vafiadis, Jon",Special Program,Initial,NEW,01-12-2024,"$1,500.00 ",,,,,,,,UNPAID
NA,15869,K279,P.S. 279 - BROOKLYN,1212814,90336,CIP,"Vafiadis, Jon",Special Program,Initial,NEW,01-12-2024,"$1,500.00 ",,,,,,,,UNPAID
23S-079,15869,K287,P.S. 287 - BROOKLYN,1191864,89110,CIP,"Walsh, Joseph",PO 18 Asbestos Service,Initial,WIP,08-16-2023,$575.00 ,,,,,,,,UNPAID
NA,15869,K287,P.S. 287 - BROOKLYN,1212544,90316,CIP,"Vafiadis, Jon",Special Program,Initial,NEW,01-11-2024,"$1,500.00 ",,,,,,,,UNPAID
23S-050,15869,K289,P.S. 289 - BROOKLYN,1183304,88347,CIP,"Palermo, Albert",PO 18 Asbestos Service,Initial,Closed,06-16-2023,"$7,575.00 ",07-27-2023,07-29-2023,123,8/1/2024,"$7,078.33 ","$7,078.33 ",10/10/2024,PAID
24S-017,15869,K232,I.S. 232 - BROOKLYN,1223722,89766,CIP,"Bracamonte, Jesus",LAP Construction Phase Services,Initial,NEW,03-14-2024,"$13,900.00 ",,,,,,,,UNPAID
24S-045,15869,K316,P.S. 16 - BROOKLYN,1238681,91953,CIP,"Bracamonte, Jesus",LAP Construction Phase Services,Initial,NEW,05-30-2024,"$15,400.00 ",,,,,,,,UNPAID
NA,15869,K316,P.S. 16 - BROOKLYN,1323387,94073,CIP,,PO 18 Asbestos Service,Initial,NEW,11-27-2024,"$5,275.00 ",,,,,,,,UNPAID
23S-072,15869,K335,P.S. 335 - BROOKLYN,1189824,88935,CIP,"Palermo, Albert",PO 18 Asbestos Service,Initial,Closed,08-11-2023,$575.00 ,10-05-2023,10-14-2023,73,4/16/2024,"$20,514.03 ","$20,514.03 ",7/5/2024,PAID
23S-075,15869,K335,P.S. 335 - BROOKLYN,1189823,88936,CIP,"Palermo, Albert",PO 18 Asbestos Service,Initial,WIP,08-14-2023,$575.00 ,,,,,,,,UNPAID
23S-042,15869,K364,P.S. 364 - BROOKLYN,1184787,88107,CIP,"Palermo, Albert",PO 18 Asbestos Service,Initial,Closed,07-12-2023,"$11,575.00 ",07-24-2023,07-26-2023,47,10/17/2023,"$7,578.28 ","$7,578.28 ",2/13/2024,PAID
NA,15869,K370,P.S. 370 - BROOKLYN,1317423,93721,CIP,"Bracamonte, Jesus",Special Program,Initial,NEW,10-22-2024,"$7,800.06 ",,,,,,,,UNPAID
NA,15869,K370,P.S. 370 - BROOKLYN,1317418,93721,CIP,"Bracamonte, Jesus",Special Program,Initial,NEW,10-22-2024,"$4,100.00 ",,,,,,,,UNPAID
NA,15869,K384,P.S. 384 - BROOKLYN,1334321,94618,CIP,"Walsh, Joseph",PO 18 Asbestos Service,Initial,NEW,02-04-2025,$575.00 ,,,,,,,,
NA,15869,K425,JAMES MADISON HS - BROOKLYN,1314171,93480,CIP,"Bracamonte, Jesus",Special Program,Initial,NEW,09-30-2024,"$4,000.00 ",,,,,,,,UNPAID
23S-069,15869,K445,NEW UTRECHT HS - BROOKLYN,1187087,88602,CIP,"Scott, Richard",PO 18 Asbestos Service,Initial,Closed,07-13-2023,$575.00 ,08-08-2023,02-22-2024,107,6/12/2024,"$29,861.89 ",$0.00 ,,UNPAID
NA,15869,K455,BOYS & GIRLS HS - BROOKLYN,1302807,92773,CIP,"Bracamonte, Jesus",Special Program,Initial,NEW,08-04-2024,"$4,000.00 ",,,,,,,,UNPAID
NA,15869,K495,FRANK J MACCHIAROLA EDU COMPLEX,1310002,93224,CIP,"Bracamonte, Jesus",LAP Construction Phase Services,Initial,NEW,09-25-2024,"$16,345.00 ",,,,,,,,UNPAID
NA,15869,K505,FRANKLIN D ROOSEVELT HS - BROOKLYN,1314174,93451,CIP,"Bracamonte, Jesus",Special Program,Initial,NEW,09-30-2024,"$4,000.00 ",,,,,,,,UNPAID
NA,15869,K515,SOUTH SHORE EDU COMPLEX - BROOKLYN,1317424,93750,CIP,"Bracamonte, Jesus",Special Program,Initial,NEW,10-22-2024,"$7,800.06 ",,,,,,,,UNPAID
NA,15869,K515,SOUTH SHORE EDU COMPLEX - BROOKLYN,1317419,93750,CIP,,Special Program,Initial,NEW,10-22-2024,"$4,100.00 ",,,,,,,,UNPAID
23S-008,15869,K600,CLARA BARTON HS - BROOKLYN,1160045,87001,CIP,"Bracamonte, Jesus",PO 18 Asbestos Service,Initial,Closed,01-24-2023,"$21,345.00 ",09-28-2023,10-01-2023,120,7/31/2024,"$11,247.98 ","$11,247.98 ",8/28/2024,PAID
22S-064,15869,K600,CLARA BARTON HS - BROOKLYN,1148840,85963,CIP,"Palermo, Albert",PO 18 Asbestos Service,Initial,Closed,10-20-2022,"$5,475.00 ",02-02-2023,01-22-1900,54,2/6/2024,"$6,733.25 ","$6,733.25 ",,UNPAID
24S-030,15869,K600,CLARA BARTON HS - BROOKLYN,1231082,91760,CIP,,PO 18 Asbestos Service,Initial,NEW,05-03-2024,"$9,675.00 ",,,,,,,,UNPAID
NA,15869,K615,E NY VOC HS OF TRANSIT TECH - BROOKLYN,1210691,90158,CIP,"Palermo, Albert",PO 18 Asbestos Service,Amend 1,NEW,12-19-2023,"$5,375.00 ",,,,,,,,UNPAID
24S-026,15869,K620,WILLIAM E GRADY VOC HS - BROOKLYN,1224928,91352,CIP,"Bracamonte, Jesus",LAP Construction Phase Services,Initial,NEW,03-27-2024,"$12,400.00 ",,,,,,,,UNPAID
24S-062,15869,K650,HARRY VANARSDALE VOC HS(WHITNEY) - BROOKLYN,1245092,92439,CIP,"Walsh, Joseph",PO 18 Asbestos Service,Initial,NEW,07-10-2024,$575.00 ,,,,,,,,UNPAID
23S-081,15869,K804,COBBLE HILL SCL OF AMR STD (OL6) - BROOKLYN,1194796,88907,CIP,"Scott, Richard",PO 18 Asbestos Service,Initial,WIP,09-05-2023,$575.00 ,,,,,,,,UNPAID
22S-037,15869,K845,P.S. 295 - BROOKLYN,1138182,85820,CIP,"Scott, Richard",PO 18 Asbestos Service,RFA,Closed,07-28-2022,"$6,375.00 ",08-04-2022,08-07-2022,17,6/22/2023,"$9,715.23 ","$9,715.23 ",7/24/2023,PAID
NA,15869,K851,P.S. 159 MINI SCHOOL - BROOKLYN,1320959,93959,CIP,"Bracamonte, Jesus",SAFE ACCESS,Initial,NEW,11-13-2024,"$4,100.00 ",,,,,,,,UNPAID
NA,15869,K854,P.S. 178 AX (BED STUY ECC 1) - BROOKLYN,1327986,94350,CIP,,PO 18 Asbestos Service,Initial,NEW,12-26-2024,"$4,100.00 ",,,,,,,,UNPAID
22S-056,15869,K872,I.S. 364 ANNEX - BROOKLYN,1140683,86135,CIP,"Palermo, Albert",PO 18 Asbestos Service,Initial,Closed,09-12-2022,"$11,575.00 ",10-27-2022,11-26-2022,53,2/1/2024,"$15,829.90 ","$15,829.90 ",5/8/2024,PAID
24S-069,15869,K874,I.S. 340 (OLD 249 AX) - BROOKLYN,1301195,92644,CIP,"Bracamonte, Jesus",Special Program,Initial,NEW,07-24-2024,"$4,000.00 ",,,,,,,,UNPAID
24S-087,15869,K932,HIGH SCHOOL SUSPENSION CENTER - BROOKLYN,1305383,92976,CIP,"Bracamonte, Jesus",PO 18 Asbestos Service,Initial,NEW,08-16-2024,"$4,000.00 ",,,,,,,,UNPAID
23S-037,15869,M001,P.S. 1 - MANHATTAN,1182354,74694,CIP,,LAP Construction Phase Services,Initial,WIP,06-05-2023,"$19,000.00 ",,,,,,,,UNPAID
23S-094,15869,M022,M022 N.E.S.T (OLD J22) - MANHATTAN,1200324,89727,CIP,"Lazicki, Rafal",PO 18 Asbestos Service,Initial,Closed,10-03-2024,"$5,500.00 ",10-03-2023,10-04-2023,66,3/26/2024,"$2,511.13 ","$2,511.13 ",5/15/2024,PAID
24S-022,15869,M028,P.S. 28 - MANHATTAN,1224747,91258,CIP,,PO 18 Asbestos Service,Initial,NEW,03-20-2024,$575.00 ,,,,,,,,UNPAID
NA,15869,M028,P.S. 28 - MANHATTAN,1305847,93050,CIP,"Alawamleh, Eman",PO 18 Asbestos Service,Initial,NEW,08-16-2024,$575.00 ,,,,,,,,UNPAID
22S-047,15869,M046,P.S. 46 - MANHATTAN,1142123,86125,CIP,"Alawamleh, Eman",PO 18 Asbestos Service,RFA,Closed,08-23-2022,$300.00 ,08-23-2022,08-26-2022,41,9/15/2023,"$5,954.03 ","$5,954.03 ",11/8/2023,PAID
24S-048,15869,M050,P.S. 50 (UDC) - MANHATTAN,1240803,91997,CIP,"Lazicki, Rafal",PO 18 Asbestos Service,Initial,NEW,06-10-2024,$575.00 ,,,,,,,,UNPAID
NA,15869,M061,P.S. 61 - MANHATTAN,1301457,92654,CIP,"Lazicki, Rafal",PO 18 Asbestos Service,Initial,NEW,07-25-2024,$575.00 ,,,,,,,,UNPAID
NA,15869,M064,P.S. 64 (OLD 71) - MANHATTAN,1301470,91998,CIP,"Lazicki, Rafal",PO 18 Asbestos Service,Initial,NEW,06-07-2024,"$24,375.00 ",,,,,,,,UNPAID
23S-033,15869,M066,RICHARD R GREEN HS OF TEACHING - MANHATTAN,1169343,87470,CIP,"Lazicki, Rafal",PO 18 Asbestos Service,Initial,WIP,05-04-2023,$575.00 ,,,,,,,,UNPAID
22S-017,15869,M070,I.S. 70 - MANHATTAN,1126983,85293,CIP,"Lazicki, Rafal",PO 18 Asbestos Service,RFA,Closed,06-08-2022,$575.00 ,07-24-2022,08-02-2022,20,6/23/2023,"$21,497.37 ","$21,497.37 ",,PAID
23S-100,15869,M081,MID MAN ADULT LRNG CTR (81) - MANHATTAN,1193755,89109,CIP,"Lazicki, Rafal",PO 18 Asbestos Service,Initial,Closed,08-23-2023,$575.00 ,04-22-2024,04-24-2024,143,1/9/2025,"$6,575.51 ","$6,575.51 ",,PAID
22S-043,15869,M098,P.S. 98 - MANHATTAN,1136220,85864,CIP,"Alawamleh, Eman",PO 18 Asbestos Service,Initial,Closed,08-10-2022,$575.00 ,01-12-2023,01-28-2023,48,10/17/2023,"$17,824.18 ","$17,824.18 ",11/27/2023,PAID
NA,15869,M099,I.S. 99 - MANHATTAN,1327637,94204,CIP,"Lazicki, Rafal",PO 18 Asbestos Service,Initial,NEW,12-13-2024,"$7,575.00 ",,,,,,,,UNPAID
NA,15869,M110,P.S. 110 - MANHATTAN,1129736,85354,CIP,"Lazicki, Rafal",PO 18 Asbestos Service,Initial,WIP,06-03-2022,"$9,575.00 ",,,,,,,,UNPAID
23S-045,15869,M115,P.S. 115 - MANHATTAN,1182352,88295,CIP,"Alawamleh, Eman",PO 18 Asbestos Service,Initial,WIP,06-08-2023,$575.00 ,,,,,,,,UNPAID
23S-095,15869,M115,P.S. 115 - MANHATTAN,1197647,89597,CIP,"Alawamleh, Eman",PO 18 Asbestos Service,Initial,Closed,10-04-2023,$575.00 ,10-05-2023,10-07-2023,130,8/21/2024,"$6,672.58 ","$6,672.58 ",1/23/2025,PAID
24S-049,15869,M115,P.S. 115 - MANHATTAN,1241224,92097,CIP,"Bracamonte, Jesus",LAP Construction Phase Services,Initial,NEW,06-12-2024,"$20,200.00 ",,,,,,,,UNPAID
NA,15869,M124,P.S. 124 (ECF) - MANHATTAN,1316025,93166,CIP,"Bracamonte, Jesus",PO 18 Asbestos Service,Initial,NEW,10-10-2024,$575.00 ,,,,,,,,UNPAID
NA,15869,M125,P.S. 125 - MANHATTAN,1303172,92796,CIP,"Bracamonte, Jesus",LAP Construction Phase Services,Initial,NEW,08-06-2024,"$15,445.00 ",,,,,,,,UNPAID
NA,15869,M125,P.S. 125 - MANHATTAN,1335879,94453,CIP,"Bracamonte, Jesus",LAP Construction Phase Services,Initial,NEW,02-20-2025,"$16,200.00 ",,,,,,,,UNPAID
23S-054,15869,M128,P.S. 128 - MANHATTAN,1186684,88621,CIP,"Alawamleh, Eman",PO 18 Asbestos Service,Initial,Closed,07-06-2023,$575.00 ,09-20-2023,09-30-2023,106,6/12/2024,"$17,521.67 ",$0.00 ,,UNPAID
22S-019,15869,M129,P.S. 129 - MANHATTAN,1127850,85282,CIP,"Alawamleh, Eman",PO 18 Asbestos Service,RFA,Closed,06-10-2022,$575.00 ,07-28-2022,07-31-2022,13,6/20/2023,"$8,548.59 ","$8,548.59 ",9/5/2023,PAID
22S-065,15869,M129,P.S. 129 - MANHATTAN,1149690,86609,CIP,"Alawamleh, Eman",PO 18 Asbestos Service,RFA,Closed,10-29-2022,$575.00 ,10-29-2022,11-05-2022,40,9/15/2023,"$15,915.63 ","$15,915.63 ",11/27/2023,PAID
23S-036,15869,M133,P.S. 133 - MANHATTAN,1179854,88183,CIP,"Alawamleh, Eman",PO 18 Asbestos Service,Initial,Closed,05-17-2023,$575.00 ,05-19-2023,05-21-2023,87,5/6/2024,"$6,212.43 ","$6,212.43 ",7/1/2024,PAID
22S-045,15869,M435,MANHTN CT FOR MATH & SCI. HS - MANHATTAN,1135506,85822,CIP,"Lazicki, Rafal",LAP Construction Phase Services,Initial,Closed,08-04-2022,"$7,000.00 ",12-28-2022,06-08-2023,108,6/12/2024,"$13,333.61 ",$0.00 ,,UNPAID
22S-066,15869,M136,I.S. 136 - MANHATTAN,1149650,86514,CIP,"Alawamleh, Eman",PO 18 Asbestos Service,Initial,Closed,11-07-2022,"$25,000.00 ",02-16-2023,02-25-2023,95,5/24/2024,"$11,844.74 ","$11,844.74 ",7/8/2024,PAID
22S-068,15869,M137,P.S. 137 - MANHATTAN,1150094,86602,CIP,"Lazicki, Rafal",PO 18 Asbestos Service,Amendment,Closed,11-09-2022,$575.00 ,01-12-2023,01-21-2023,38,8/1/2023,"$16,393.86 ","$16,393.86 ",9/11/2023,PAID
22S-018,15869,M137,P.S. 137 - MANHATTAN,1126982,85286,CIP,"Lazicki, Rafal",PO 18 Asbestos Service,Initial,Closed,06-08-2022,$575.00 ,12-22-2022,12-28-2022,140,12/19/2024,"$19,983.26 ","$19,983.26 ",1/23/2025,PAID
23S-015,15869,M144,P.S. 242 (OLD 144) - MANHATTAN,1166775,87340,CIP,"Lazicki, Rafal",PO 18 Asbestos Service,Initial,Closed,02-08-2023,$575.00 ,10-26-2023,10-28-2023,109,6/17/2024,"$7,130.58 ",$0.00 ,,UNPAID
24S-053,15869,M152,P.S. 152 - MANHATTAN,1243709,92223,CIP,"Alawamleh, Eman",PO 18 Asbestos Service,Initial,NEW,02-21-2024,$575.00 ,,,,,,,,UNPAID
23S-039,15869,M155,I.S. 155 - MANHATTAN,1180534,88234,CIP,"Lazicki, Rafal",PO 18 Asbestos Service,Initial,Closed,05-23-2023,$575.00 ,06-09-2023,06-10-2023,61,3/8/2024,"$5,751.75 ","$5,751.75 ",5/2/2024,PAID
24S-023,15869,M163,P.S. 163 - MANHATTAN,1225180,91391,CIP,"Lazicki, Rafal",PO 18 Asbestos Service,Initial,NEW,03-26-2024,$575.00 ,,,,,,,,UNPAID
22S-050,15869,M164,I.S. 164 - MANHATTAN,1138190,85906,CIP,"Bracamonte, Jesus",LAP Construction Phase Services,RFA,Closed,08-09-2022,"$20,345.00 ",11-13-2022,04-11-2023,19,6/22/2023,"$25,350.54 ","$25,350.54 ",7/20/2023,PAID
22S-014,15869,M165,P.S. 165 - MANHATTAN,1131052,85304,CIP,"Lazicki, Rafal",PO 18 Asbestos Service,RFA,Closed,06-11-2022,"$10,575.00 ",06-11-2022,08-30-2022,22,6/27/2023,"$7,140.93 ","$7,140.93 ",7/31/2023,PAID
23S-078,15869,M169,P.S. 169 (ECF) - MANHATTAN,1191264,88870,CIP,"Lazicki, Rafal",LAP Construction Phase Services,Initial,WIP,08-15-2023,"$11,190.00 ",,,,,,,,UNPAID
NA,15869,M180,P.S. 180 - MANHATTAN,1315970,93632,CIP,"Bracamonte, Jesus",PO 18 Asbestos Service,Initial,NEW,10-10-2024,$575.00 ,,,,,,,,UNPAID
22S-053,15869,M185,P.S. 185 (TANDEM M208) - MANHATTAN,1141636,86051,CIP,"Lazicki, Rafal",PO 18 Asbestos Service,Initial,Closed,09-01-2022,"$9,300.00 ",09-01-2022,09-03-2022,23,6/27/2023,"$7,033.25 ","$7,033.25 ",7/31/2023,PAID
24S-003,15869,M187,P.S./I.S 187 - MANHATTAN,1216944,90610,CIP,"Alawamleh, Eman",PO 18 Asbestos Service,Initial,Closed,02-05-2024,$575.00 ,01-23-2024,02-18-2024,131,8/23/2024,"$17,848.38 ","$17,848.38 ",10/25/2024,PAID
24S-006,15869,M192,P.S. 192 - MANHATTAN,1218023,90701,CIP,"Alawamleh, Eman",PO 18 Asbestos Service,Initial,NEW,02-05-2024,$575.00 ,,,,,,,,UNPAID
NA,15869,M192,P.S. 192 - MANHATTAN,1322940,94022,CIP,"Alawamleh, Eman",PO 18 Asbestos Service,Initial,NEW,11-18-2024,$575.00 ,,,,,,,,UNPAID
23S-101,15869,M197,P.S. 197 - MANHATTAN,137330,89611,CIP,"Alawamleh, Eman",PO 18 Asbestos Service,Initial,Closed,10-12-2023,$575.00 ,04-12-2024,04-14-2024,139,12/3/2024,"$8,303.85 ","$8,303.85 ",1/24/2025,PAID
23S-028,15869,M440,BAYARD RUSTIN EDUCATIONAL COMPLEX - MANHATTAN,1177691,88001,CIP,"Lazicki, Rafal",PO 18 Asbestos Service,Initial,Closed,04-28-2023,"$6,075.00 ",04-21-2023,04-21-2023,124,8/5/2024,"$2,603.21 ","$2,603.21 ",8/30/2024,PAID
24S-002,15869,M440,BAYARD RUSTIN EDUCATIONAL COMPLEX - MANHATTAN,1213594,90375,CIP,"Lazicki, Rafal",PO 18 Asbestos Service,Initial,NEW,01-10-2024,$575.00 ,,,,,,,,UNPAID
23S-113,15869,M465,G. WASHINGTON HS EDUC. CAMPUS - M465,1204463,89908,CIP,"Alawamleh, Eman",PO 18 Asbestos Service,Initial,Closed,11-09-2023,$575.00 ,11-09-2023,11-12-2023,101,6/5/2024,"$7,865.63 ","$7,865.63 ",7/9/2024,PAID
24S-024,15869,M465,G. WASHINGTON HS EDUC. CAMPUS - M465,1225222,91363,CIP,,PO 18 Asbestos Service,Initial,NEW,02-11-2024,$575.00 ,,,,,,,,UNPAID
22S-076,15869,M470,LOUIS D. BRANDEIS HS - MANHATTAN,1156228,86844,CIP,"Bracamonte, Jesus",LAP Construction Phase Services,Initial,Closed,12-08-2022,"$20,220.00 ",12-19-2022,12-27-2023,110,6/19/2024,"$26,234.98 ","$26,234.98 ",7/12/2024,PAID
NA,15869,M470,LOUIS D. BRANDEIS HS - MANHATTAN,1198033,89608,CIP,"Bracamonte, Jesus",LAP Construction Phase Services,Initial,Initial,10-03-2023,"$19,020.00 ",,,,,,,,UNPAID
23S-019,15869,M490,"MARTIN LUTHER KING, JR. HS - MANHATTAN",1167441,87398,CIP,"Lazicki, Rafal",LAP Construction Phase Services,Initial,Closed,02-16-2023,"$8,035.00 ",03-02-2023,07-29-2023,72,4/9/2024,"$18,216.88 ","$18,216.88 ",9/17/2024,PAID
22S-063,15869,M490,"MARTIN LUTHER KING, JR. HS - MANHATTAN",1147501,86372,CIP,"Bracamonte, Jesus",LAP Construction Phase Services,Initial,Closed,10-19-2022,"$14,345.00 ",02-17-2023,02-19-2023,76,4/18/2024,"$6,509.07 ","$6,509.07 ",5/10/2024,PAID
22S-002,15869,M512,3 K CENTER @ 163-165 EAST 84TH STREET - MANHATTAN,1118075,84666,CIP,"Lazicki, Rafal",LAP Construction Phase Services,RFA,Closed,04-01-2022,"$22,000.00 ",04-05-2022,09-03-2022,3,11/9/2022,"$38,819.14 ","$38,819.14 ",11/9/2022,PAID
23S-060,15869,M520,MURRAY BERGTRAUM HS (ECF) - MANHATTAN,1186745,87777,CIP,"Lazicki, Rafal",LAP Construction Phase Services,Initial,WIP,07-19-2023,"$8,000.00 ",,,,,,,,UNPAID
23S-048,15869,M520,MURRAY BERGTRAUM HS (ECF) - MANHATTAN,1186758,87328,CIP,"Lazicki, Rafal",LAP Construction Phase Services,Initial,Closed,07-19-2023,"$19,000.00 ",05-17-2023,12-19-2023,113,7/5/2024,"$31,267.67 ","$31,267.67 ",8/15/2024,PAID
NA,15869,M528,I.S. 528 - MANHATTAN,1126308,85125,CIP,"Alawamleh, Eman",LAP Construction Phase Services,Initial,WIP,05-31-2022,$500.00 ,,,,,,,,UNPAID
22S-049,15869,M600,FASHION INDUSTRIES VOC HS - MANHATTAN,1138188,85959,CIP,"Bracamonte, Jesus",LAP Construction Phase Services,Initial,Closed,08-26-2022,"$19,845.00 ",10-27-2022,12-11-2023,82,5/1/2024,"$30,284.62 ","$30,284.62 ",5/21/2024,PAID
22S-070,15869,M615,CHELSEA VOC HS - MANHATTAN,1158465,86969,CIP,"Lazicki, Rafal",PO 18 Asbestos Service,Initial,Closed,12-02-2022,"$9,075.00 ",12-02-2022,12-05-2022,25,7/6/2023,"$12,766.00 ","$12,766.00 ",8/4/2023,PAID
24S-071,15869,M615,CHELSEA VOC HS - MANHATTAN,1301468,92332,CIP,"Lazicki, Rafal",PO 18 Asbestos Service,Initial,NEW,07-25-2024,$575.00 ,,,,,,,,UNPAID
22S-005,15869,M620,NORMAN THOMAS HS (ECF) - MANHATTAN,1123363,84986,CIP,"Lazicki, Rafal",LAP Construction Phase Services,RFA,Closed,06-06-2022,$500.00 ,07-14-2022,07-18-2022,21,6/23/2023,"$21,825.80 ","$21,825.80 ",7/28/2023,PAID
NA,15869,M844,P.S. 138 ANNEX (OLD M047 AX),1214485,89905,CIP,"Lazicki, Rafal",PO 18 Asbestos Service,Initial,NEW,12-08-2023,"$7,800.00 ",,,,,,,,UNPAID
23S-031,15869,Q014,P.S. 14 - QUEENS,1179823,88171,CIP,"Poskrobko, Lukasz",PO 18 Asbestos Service,Initial,Closed,05-16-2023,"$4,400.00 ",05-13-2023,05-14-2023,104,6/11/2024,"$4,293.03 ","$4,293.03 ",7/1/2024,PAID
22S-030,15869,Q015,P.S. 15 - QUEENS,1133898,85649,CIP,"Kondilis, Milton",PO 18 Asbestos Service,Initial,Closed,07-13-2022,"$9,375.00 ",07-13-2022,07-16-2022,99,5/30/2024,"$8,999.02 ","$8,999.02 ",7/8/2024,PAID
24S-025,15869,Q021,P.S. 21 - QUEENS,1224438,91310,CIP,,PO 18 Asbestos Service,Initial,NEW,03-27-2024,"$4,100.00 ",,,,,,,,UNPAID
23S-073,15869,Q022,P.S. 22 - QUEENS,1189469,88744,CIP,"Kondilis, Milton",PO 18 Asbestos Service,Initial,WIP,08-02-2023,$575.00 ,,,,,,,,UNPAID
24S-031,15869,Q023,QUEENS ACADEMY HS - QUEENS,1243757,92210,CIP,"Kondilis, Milton",PO 18 Asbestos Service,Initial,Closed,06-21-2024,"$4,100.00 ",05-04-2024,05-05-2024,135,10/10/2024,"$4,933.30 ","$4,933.30 ",11/6/2024,PAID
24S-060,15869,Q023,QUEENS ACADEMY HS - QUEENS,1243867,92257,CIP,"Kondilis, Milton",PO 18 Asbestos Service,Initial,NEW,07-02-2024,$575.00 ,,,,,,,,UNPAID
24S-047,15869,Q024,P.S. 24 - QUEENS,1239285,91978,CIP,,PO 18 Asbestos Service,Initial,NEW,06-05-2024,$575.00 ,,,,,,,,UNPAID
23S-070,15869,Q029,P.S. 29 - QUEENS,1187894,88759,CIP,"Kondilis, Milton",LAP Construction Phase Services,Initial,WIP,07-25-2023,"$8,000.00 ",,,,,,,,UNPAID
23S-062,15869,Q030,P.S. 30 - QUEENS,1186771,88617,CIP,"Poskrobko, Lukasz",PO 18 Asbestos Service,Initial,Closed,07-19-2023,$575.00 ,02-01-2024,02-18-2024,125,8/9/2024,"$20,699.70 ","$20,699.70 ",9/12/2024,PAID
23S-011,15869,Q035,P.S. 35 - QUEENS,1163182,87037,CIP,"Kondilis, Milton",PO 18 Asbestos Service,Initial,Closed,01-31-2023,$575.00 ,08-03-2023,10-09-2023,102,6/10/2024,"$71,368.50 ","$71,368.50 ",7/30/2024,PAID
24S-036,15869,Q037,P.S. 37 - QUEENS,1232763,91803,CIP,"Bracamonte, Jesus",LAP Construction Phase Services,Initial,NEW,05-10-2024,"$15,400.00 ",,,,,,,,UNPAID
24S-035,15869,Q037,P.S. 37 - QUEENS,1232764,91801,CIP,,LAP Construction Phase Services,Initial,NEW,05-10-2024,"$11,700.00 ",,,,,,,,UNPAID
23S-077,15869,Q038,P.S. 38 - QUEENS,1190869,88352,CIP,"Kondilis, Milton",PO 18 Asbestos Service,Initial,WIP,08-14-2023,$575.00 ,,,,,,,,UNPAID
22S-038,15869,Q059,I.S. 59 - QUEENS,1133896,85646,CIP,"Kondilis, Milton",PO 18 Asbestos Service,Initial,Closed,07-28-2022,$575.00 ,10-07-2022,12-30-2022,137,10/28/2024,"$32,571.72 ","$32,571.72 ",12/30/2024,PAID
23S-089,15869,Q060,P.S.60 - QUEENS,1197103,89472,CIP,"Kondilis, Milton",PO 18 Asbestos Service,Initial,Closed,09-22-2023,"$4,375.00 ",09-22-2023,09-23-2023,60,3/4/2024,"$3,397.18 ","$3,397.18 ",4/2/2024,PAID
NA,15869,Q061,I.S. 61 - QUEENS,1124663,85105,CIP,"Poskrobko, Lukasz",PO 18 Asbestos Service,Initial,WIP,05-24-2022,$575.00 ,,,,,,,,UNPAID
24S-027,15869,Q067,J.H.S. 67 - QUEENS,1225935,90816,CIP,,PO 18 Asbestos Service,Initial,NEW,04-02-2024,$575.00 ,,,,,,,,UNPAID
23S-047,15869,Q079,I.S. 79 - QUEENS,1182975,88112,CIP,"Kondilis, Milton",PO 18 Asbestos Service,Initial,WIP,06-07-2023,$575.00 ,,,,,,,,UNPAID
22S-074,15869,Q085,P.S. 85 - QUEENS,1157266,86894,CIP,"Poskrobko, Lukasz",PO 18 Asbestos Service,RFA,Closed,12-10-2022,"$5,000.00 ",12-10-2022,12-11-2022,27,7/11/2023,"$5,249.18 ","$5,249.18 ",7/18/2023,PAID
24S-076,15869,Q089,P.S. 89 - QUEENS,1302817,91977,CIP,"Poskrobko, Lukasz",PO 18 Asbestos Service,Initial,NEW,08-09-2024,$575.00 ,,,,,,,,UNPAID
22S-025,15869,Q112,P.S. 112 - QUEENS,1129728,84939,CIP,"Poskrobko, Lukasz",PO 18 Asbestos Service,Initial,Closed,06-30-2022,$575.00 ,12-15-2022,12-18-2023,116,7/31/2024,"$23,786.87 ","$23,786.87 ",8/27/2024,PAID
23S-088,15869,Q116,P.S. 116 - QUEENS,1196944,89473,CIP,"Kondilis, Milton",PO 18 Asbestos Service,RFA,Closed,09-25-2023,"$6,400.00 ",09-21-2023,09-26-2023,63,3/18/2024,"$5,116.55 ","$5,116.55 ",5/8/2024,PAID
NA,15869,Q122,P.S. 122 - QUEENS,1125492,85171,CIP,"Poskrobko, Lukasz",PO 18 Asbestos Service,Initial,WIP,05-25-2022,$575.00 ,,,,,,,,UNPAID
23S-004,15869,Q126,I.S. 126 - QUEENS,1158587,86983,CIP,"Poskrobko, Lukasz",PO 18 Asbestos Service,Initial,Closed,01-04-2023,$575.00 ,08-05-2023,08-22-2023,68,3/29/2024,"$25,616.36 ","$25,616.36 ",5/8/2024,PAID
NA,15869,Q126,I.S. 126 - QUEENS,1315213,93426,CIP,"Bracamonte, Jesus",PO 18 Asbestos Service,Initial,NEW,10-04-2024,"$4,000.00 ",,,,,,,,UNPAID
24S-028,15869,Q141,I.S. 141 - QUEENS,1229285,91394,CIP,,PO 18 Asbestos Service,Initial,NEW,04-12-2024,"$5,575.00 ",,,,,,,,UNPAID
24S-015,15869,Q165,P.S. 165 - QUEENS,1223510,88306,CIP,"Kondilis, Milton",PO 18 Asbestos Service,Initial,NEW,03-08-2024,$575.00 ,,,,,,,,UNPAID
NA,15869,Q166,P.S. 166 - QUEENS,1314909,93419,CIP,"Bracamonte, Jesus",PO 18 Asbestos Service,Initial,NEW,10-03-2024,$575.00 ,,,,,,,,UNPAID
22S-058,15869,Q168,J.H.S. 168 - QUEENS,1144603,86289,CIP,"Kondilis, Milton",PO 18 Asbestos Service,Initial,Closed,09-16-2022,"$4,840.73 ",10-16-2022,10-17-2022,85,5/1/2024,"$4,040.73 ","$4,040.73 ",6/13/2024,PAID
23S-063,15869,Q176,P.S. 176 - QUEENS,1188566,88205,CIP,"Kondilis, Milton",PO 18 Asbestos Service,Initial,WIP,07-24-2023,$575.00 ,,,,,,,,UNPAID
NA,15869,Q188,P.S. 188 - QUEENS,1301654,92693,CIP,"Kondilis, Milton",PO 18 Asbestos Service,Initial,NEW,07-29-2024,$575.00 ,,,,,,,,UNPAID
22S-016,15869,Q189,J.H.S. 189 - QUEENS,1126762,85253,CIP,"Kondilis, Milton",PO 18 Asbestos Service,RFA,Closed,06-09-2022,$575.00 ,08-11-2022,08-14-2022,18,6/22/2023,"$9,012.85 ","$9,012.85 ",7/12/2023,PAID
22S-004,15869,Q191,P.S. 191 - QUEENS,1123683,84992,CIP,"Kondilis, Milton",PO 18 Asbestos Service,Initial,Closed,04-29-2022,"$3,500.00 ",04-29-2022,05-01-2022,96,5/24/2024,"$5,171.03 ","$5,171.03 ",7/5/2024,PAID
22S-013,15869,Q192,I.S. 192 - QUEENS,1117713,84478,CIP,"Kondilis, Milton",PO 18 Asbestos Service,Initial,Closed,06-08-2022,"$1,075.00 ",09-23-2022,09-25-2022,42,9/29/2023,"$8,661.09 ","$8,661.09 ",10/25/2023,PAID
22S-052,15869,Q192,I.S. 192 - QUEENS,1139744,86129,CIP,"Kondilis, Milton",PO 18 Asbestos Service,Initial,Closed,08-30-2022,"$5,775.00 ",08-30-2022,09-01-2022,118,7/31/2024,"$4,911.53 ","$4,911.53 ",8/30/2024,PAID
NA,15869,Q192,I.S. 192 - QUEENS,1140015,86082,CIP,"Kondilis, Milton",PO 18 Asbestos Service,Initial,WIP,09-07-2022,$575.00 ,,,,,,,,UNPAID
22S-042,15869,Q192,I.S. 192 - QUEENS,1134708,85703,CIP,"Kondilis, Milton",PO 18 Asbestos Service,Initial,Closed,08-02-2022,$575.00 ,08-11-2023,08-26-2023,127,8/13/2024,"$16,413.17 ","$16,413.17 ",10/7/2024,PAID
NA,15869,Q192,I.S. 192 - QUEENS,1131965,85545,CIP,"Kondilis, Milton",PO 18 Asbestos Service,Initial,WIP,07-12-2022,$575.00 ,,,,,,,,UNPAID
22S-012,15869,Q192,I.S. 192 - QUEENS,1126399,84618,CIP,"Kondilis, Milton",PO 18 Asbestos Service,Initial,Closed,06-06-2022,$575.00 ,07-28-2022,08-14-2022,50,10/31/2023,"$20,556.68 ","$20,556.68 ",12/11/2023,PAID
23S-076,15869,Q193,I.S. 193 - QUEENS,1191451,88616,CIP,"Kondilis, Milton",PO 18 Asbestos Service,Initial,WIP,08-14-2023,$575.00 ,,,,,,,,UNPAID
23S-112,15869,Q193,P.S. 193 - QUEENS,1204825,89737,CIP,"Kondilis, Milton",PO 18 Asbestos Service,Initial,Closed,11-03-2023,"$4,200.00 ",11-02-2023,11-05-2023,98,5/30/2024,"$5,440.93 ","$5,440.93 ",7/5/2024,PAID
NA,15869,Q196,P.S. 196 - QUEENS,1192028,88590,CIP,"Poskrobko, Lukasz",PO 18 Asbestos Service,Initial,WIP,08-23-2023,$575.00 ,,,,,,,,UNPAID
24S-041,15869,Q203,P.S. 203 - QUEENS,1243762,92007,CIP,"Kondilis, Milton",PO 18 Asbestos Service,Initial,Closed,05-31-2024,"$4,100.00 ",06-01-2024,06-02-2024,136,10/10/2024,"$3,557.55 ","$3,557.55 ",11/6/2024,PAID
23S-006,15869,Q205,P.S. 205 - QUEENS,1161238,86946,CIP,"Bracamonte, Jesus",CTF,Initial,WIP,01-11-2023,"$25,845.00 ",,,,,,,,UNPAID
23S-007,15869,Q210,I.S. 210 - QUEENS,1160021,87036,CIP,"Poskrobko, Lukasz",PO 18 Asbestos Service,Initial,Closed,01-13-2023,$575.00 ,04-12-2023,08-05-2023,115,7/31/2024,"$48,501.86 ","$48,501.86 ",8/27/2024,PAID
22S-069,15869,Q216,J.H.S. 216 - QUEENS,1153592,86738,CIP,"Bracamonte, Jesus",LAP Construction Phase Services,Initial,Closed,11-22-2022,"$15,045.00 ",07-21-2023,07-23-2023,86,5/3/2024,"$6,607.20 ","$6,607.20 ",5/20/2024,PAID
23S-071,15869,Q217,I.S. 217 - QUEENS,1188339,88787,CIP,"Poskrobko, Lukasz",LAP Construction Phase Services,Initial,WIP,07-26-2023,"$8,000.00 ",,,,,,,,UNPAID
23S-010,15869,Q221,P.S. 221 - QUEENS,1162079,87060,CIP,"Kondilis, Milton",PO 18 Asbestos Service,Initial,Closed,01-27-2023,$575.00 ,08-24-2023,11-04-2023,90,5/7/2024,"$39,716.84 ","$39,716.84 ",7/5/2024,PAID
23S-026,15869,Q223,P.S. 223 - QUEENS,1170969,87623,CIP,"Bracamonte, Jesus",CTF,Initial,WIP,04-12-2023,"$21,520.00 ",,,,,,,,UNPAID
24S-020,15869,Q225,P.S. 225 - QUEENS,1223718,89963,CIP,"Bracamonte, Jesus",LAP Construction Phase Services,Initial,NEW,03-14-2024,"$13,900.00 ",,,,,,,,UNPAID
24S-019,15869,Q225,P.S. 225 - QUEENS,1223719,89359,CIP,"Bracamonte, Jesus",LAP Construction Phase Services,Initial,NEW,03-14-2024,"$13,900.00 ",,,,,,,,UNPAID
NA,15869,Q231,I.S. 231 (TANDEM Q251) - QUEENS,1135183,85777,CIP,"Kondilis, Milton",PO 18 Asbestos Service,Initial,WIP,07-29-2022,"$3,900.00 ",,,,,,,,UNPAID
22S-071,15869,Q231,I.S. 231 (TANDEM Q251) - QUEENS,1152671,86707,CIP,"Kondilis, Milton",LAP Construction Phase Services,Initial,Closed,12-02-2022,"$13,200.00 ",10-08-2023,10-09-2023,93,5/21/2024,"$5,505.39 ","$5,505.39 ",7/1/2024,PAID
23S-044,15869,Q397,PRE-K CENTER @ 32-52 37TH STREET - QUEENS,1183628,88349,CIP,"Poskrobko, Lukasz",PO 18 Asbestos Service,Initial,Closed,06-09-2023,"$6,175.00 ",06-09-2023,06-10-2023,49,10/17/2023,"$7,665.88 ","$7,665.88 ",11/8/2023,PAID
22S-022,15869,Q397,PRE-K CENTER @ 32-52 37TH STREET - QUEENS,1129932,85470,CIP,"Poskrobko, Lukasz",PO 18 Asbestos Service,RFA,Closed,06-24-2022,"$4,100.00 ",06-25-2022,06-26-2022,5,12/15/2022,"$3,300.38 ","$3,300.38 ",2/9/2023,PAID
22S-021,15869,Q400,AUGUST MARTIN HS - QUEENS,1134593,85622,CIP,"Poskrobko, Lukasz",PO 18 Asbestos Service,RFA,Closed,07-22-2022,"$6,575.00 ",07-22-2022,08-14-2022,16,6/22/2023,"$15,635.03 ","$15,635.03 ",7/12/2023,PAID
NA,15869,Q400,AUGUST MARTIN HS - QUEENS,1323411,94004,CIP,"Bracamonte, Jesus",LAP Construction Phase Services,Initial,NEW,11-26-2024,"$14,100.00 ",,,,,,,,UNPAID
NA,15869,Q405,BAYSIDE HS - QUEENS,1120169,67089,CIP,"Kondilis, Milton",LAP Construction Phase Services,RFA,WIP,04-08-2022,"$4,100.00 ",,,,,,,,UNPAID
23S-099,15869,Q425,"JOHN BOWNE HS, INC - QUEENS",1200347,89726,CIP,"Kondilis, Milton",PO 18 Asbestos Service,Initial,Closed,10-18-2023,"$5,700.00 ",10-13-2023,10-15-2023,74,4/18/2024,"$5,378.10 ","$5,378.10 ",6/7/2024,PAID
24S-052,15869,Q438,P.S. 256 ANNEX - QUEENS,1300385,92209,CIP,"Kondilis, Milton",PO 18 Asbestos Service,Initial,NEW,07-18-2024,"$6,198.04 ",,,,,,,,UNPAID
24S-032,15869,Q442,DISTRICT 29 PRE-K CENTER - QUEENS,1233875,91854,CIP,"Kondilis, Milton",PO 18 Asbestos Service,Initial,NEW,05-17-2024,$575.00 ,,,,,,,,UNPAID
24S-037,15869,Q442,DISTRICT 29 PRE-K CENTER - QUEENS,1233397,91832,CIP,"Kondilis, Milton",PO 18 Asbestos Service,Initial,NEW,05-14-2024,$575.00 ,,,,,,,,UNPAID
23S-002,15869,Q450,NEWCOMERS HIGH SCHOOL (OLD LIC) - QUEENS,1159967,87016,CIP,"Bracamonte, Jesus",LAP Construction Phase Services,Initial,WIP,01-04-2023,"$4,500.00 ",,,,,,,,UNPAID
23S-023,15869,Q450,NEWCOMERS HIGH SCHOOL (OLD LIC) - QUEENS,1174986,87897,CIP,"Poskrobko, Lukasz",PO 18 Asbestos Service,Initial,Closed,04-12-2023,"$5,575.00 ",04-07-2023,04-13-2023,59,2/7/2024,"$7,810.55 ","$7,810.55 ",4/2/2024,PAID
23S-068,15869,Q456,HS FOR ARTS AND BUS. (OLNUTN X) - QUEENS,1189784,88945,CIP,"Poskrobko, Lukasz",PO 18 Asbestos Service,Initial,Closed,07-31-2023,"$6,575.00 ",07-31-2023,08-01-2023,56,2/7/2024,"$5,992.90 ","$5,992.90 ",4/24/2024,PAID
23S-040,15869,Q475,RICHMOND HILLS HS - QUEENS,1181631,88287,CIP,"Poskrobko, Lukasz",PO 18 Asbestos Service,Initial,Closed,05-26-2023,"$5,600.00 ",05-25-2023,05-28-2023,62,2/20/2024,"$5,783.81 ","$5,783.81 ",4/8/2024,PAID
22S-062,15869,Q593,P.S. @ 140 BEACH 112 STREET - QUEENS,1149305,86549,CIP,"Poskrobko, Lukasz",PO 18 Asbestos Service,RFA,Closed,10-19-2022,"$4,800.00 ",10-19-2022,10-21-2022,39,8/1/2023,"$4,742.45 ","$4,742.45 ",8/4/2023,PAID
24S-009,15869,Q460,FLUSHING HS - QUEENS,1216051,90480,CIP,"Kondilis, Milton",PO 18 Asbestos Service,Initial,NEW,01-30-2024,"$1,575.00 ",,,,,,,,UNPAID
24S-013,15869,Q460,FLUSHING HS - QUEENS,1218989,90784,CIP,"Kondilis, Milton",PO 18 Asbestos Service,Initial,NEW,02-28-2024,"$1,775.00 ",,,,,,,,UNPAID
24S-056,15869,Q480,JOHN ADAMS HS - QUEENS,1243886,92299,CIP,,Special Program,Initial,Closed,06-27-2024,"$4,400.00 ",07-13-2024,07-14-2024,142,12/31/2024,"$2,273.91 ","$2,273.91 ",,PAID
23S-020,15869,Q725,HS FOR INFORMATION TECH - QUEENS,1170402,87585,CIP,"Bracamonte, Jesus",LAP Construction Phase Services,Initial,Closed,03-09-2023,"$21,520.00 ",03-30-2023,10-14-2023,119,7/31/2024,"$10,752.68 ",$0.00 ,,UNPAID
23S-001,15869,Q800,DOE ADMINISTRATIVE / STUDENT SERVICES - QUEENS,1147905,86152,CIP,"Poskrobko, Lukasz",PO 18 Asbestos Service,Initial,WIP,01-03-2023,$575.00 ,,,,,,,,UNPAID
22S-044,15869,Q801,OSSS / DSF - QUEENS,1137231,85867,CIP,"Poskrobko, Lukasz",PO 18 Asbestos Service,Initial,Closed,09-01-2022,$575.00 ,01-05-2023,02-04-2023,29,7/11/2023,"$12,701.34 ","$12,701.34 ",7/25/2023,PAID
23S-012,15869,Q801,OSSS / DSF - QUEENS,1163723,87297,CIP,"Poskrobko, Lukasz",PO 18 Asbestos Service,Initial,Closed,02-06-2023,$575.00 ,03-23-2023,04-01-2023,31,7/20/2023,"$11,664.66 ","$11,664.66 ",8/4/2023,PAID
23S-043,15869,R002,I.S. 2 - STATEN ISLAND,1183983,88353,CIP,"Bracamonte, Jesus",PO 18 Asbestos Service,Initial,Closed,06-09-2023,$875.00 ,06-09-2023,06-10-2023,44,10/11/2023,"$8,535.70 ","$8,535.70 ",10/24/2023,PAID
24S-008,15869,R002,I.S. 2 - STATEN ISLAND,1224066,91184,CIP,"Bracamonte, Jesus",PO 18 Asbestos Service,Initial,NEW,03-01-2024,"$4,200.00 ",,,,,,,,UNPAID
NA,15869,R002,I.S. 2 - STATEN ISLAND,1305317,92968,CIP,"Bracamonte, Jesus",Special Program,Initial,NEW,08-15-2024,"$4,000.00 ",,,,,,,,UNPAID
NA,15869,R007,I.S. 7 - STATEN ISLAND,1142107,86217,CIP,"Bracamonte, Jesus",PO 18 Asbestos Service,Amendment,WIP,09-14-2022,"$13,000.00 ",,,,,,,,UNPAID
24S-043,15869,R008,P.S. 8 - STATEN ISLAND,1243679,92211,CIP,"Bracamonte, Jesus",PO 18 Asbestos Service,Initial,NEW,06-07-2024,"$4,000.00 ",,,,,,,,UNPAID
24S-033,15869,R013,P.S. 13 - STATEN ISLAND,1232533,91809,CIP,,LAP Construction Phase Services,Initial,NEW,05-09-2024,"$15,400.00 ",,,,,,,,UNPAID
24S-034,15869,R013,P.S. 13 - STATEN ISLAND,1232548,91836,CIP,,LAP Construction Phase Services,Initial,NEW,05-10-2024,"$11,200.00 ",,,,,,,,UNPAID
23S-092,15869,R014,P.S. 14 - STATEN ISLAND,1198180,89628,CIP,"Bracamonte, Jesus",PO 18 Asbestos Service,Initial,Closed,09-30-2023,"$7,875.00 ",09-30-2023,10-01-2023,65,3/20/2024,"$5,413.73 ","$5,413.73 ",5/2/2024,PAID
24S-011,15869,R022,P.S. 22 - STATEN ISLAND,1213407,82742,CIP,"Bracamonte, Jesus",LAP Construction Phase Services,Initial,NEW,01-09-2024,"$5,500.00 ",,,,,,,,UNPAID
24S-083,15869,R024,I.S. 24 - STATEN ISLAND,1304867,92944,CIP,"Bracamonte, Jesus",Special Program,Initial,NEW,08-15-2024,"$4,000.00 ",,,,,,,,UNPAID
22S-034,15869,R026,P.S. 26 - STATEN ISLAND,1132987,85620,CIP,"Bracamonte, Jesus",PO 18 Asbestos Service,RFA,Closed,04-28-2022,"$21,075.00 ",07-21-2022,07-27-2022,2,10/6/2022,"$29,313.56 ","$29,313.56 ",10/6/2022,PAID
23S-027,15869,R026,P.S. 26 - STATEN ISLAND,1177420,87998,CIP,"Bracamonte, Jesus",PO 18 Asbestos Service,Initial,Closed,04-20-2023,$575.00 ,04-20-2023,04-21-2023,36,8/1/2023,"$6,062.80 ","$6,062.80 ",8/4/2023,PAID
23S-107,15869,R026,P.S. 26 - STATEN ISLAND,1202649,89785,CIP,"Bracamonte, Jesus",PO 18 Asbestos Service,Initial,Closed,11-13-2023,"$3,875.00 ",10-28-2023,10-28-2023,122,7/31/2024,"$2,523.58 ","$2,523.58 ",8/23/2024,PAID
24S-089,15869,R026,P.S. 26 - STATEN ISLAND,1310116,93264,CIP,"Bracamonte, Jesus",PO 18 Asbestos Service,Initial,NEW,09-06-2024,$575.00 ,,,,,,,,UNPAID
23S-115,15869,R030,P.S 30 - STATEN ISLAND,1205691,90030,CIP,"Bracamonte, Jesus",PO 18 Asbestos Service,Initial,Closed,11-17-2023,"$11,375.00 ",11-17-2023,11-18-2023,70,4/2/2024,"$6,029.25 ","$6,029.25 ",4/26/2024,PAID
NA,15869,R032,P.S. 32 - STATEN ISLAND,1132984,85600,CIP,"Bracamonte, Jesus",PO 18 Asbestos Service,Initial,WIP,07-20-2022,"$6,000.00 ",,,,,,,,UNPAID
22S-003,15869,R034,P.S 34 - STATEN ISLAND,1123686,84927,CIP,"Bracamonte, Jesus",PO 18 Asbestos Service,RFA,Closed,04-28-2022,"$8,300.00 ",04-28-2022,04-30-2022,1,10/6/2022,"$6,153.90 ","$6,153.90 ",10/6/2022,PAID
23S-030,15869,R034,P.S 34 - STATEN ISLAND,1179156,88108,CIP,"Bracamonte, Jesus",PO 18 Asbestos Service,Initial,Closed,05-12-2023,$575.00 ,05-05-2023,05-06-2023,37,8/1/2023,"$5,264.23 ","$5,264.23 ",8/4/2023,PAID
24S-086,15869,R034,P.S 34 - STATEN ISLAND,1305386,92969,CIP,"Bracamonte, Jesus",Special Program,Initial,NEW,08-16-2024,"$4,000.00 ",,,,,,,,UNPAID
24S-046,15869,R040,P.S. 373 (OLD P40) - STATEN ISLAND,1194257,89229,CIP,"Bracamonte, Jesus",PO 18 Asbestos Service,Initial,NEW,08-30-2024,"$5,575.00 ",,,,,,,,UNPAID
22S-015,15869,R045,P.S. 45 - STATEN ISLAND,1129757,85321,CIP,"Bracamonte, Jesus",PO 18 Asbestos Service,RFA,Closed,06-08-2022,"$8,275.00 ",06-08-2022,06-12-2022,12,6/14/2023,"$7,579.36 ","$7,579.36 ",6/25/2023,PAID
NA,15869,R049,I.S. 49 - STATEN ISLAND,1212835,90300,CIP,"Bracamonte, Jesus",PO 18 Asbestos Service,Initial,NEW,01-09-2024,"$3,100.00 ",,,,,,,,UNPAID
23S-074,15869,R053,P.S. 53 - STATEN ISLAND,1189854,88746,CIP,"Bracamonte, Jesus",PO 18 Asbestos Service,Initial,Closed,08-07-2023,$575.00 ,,,,,,,,UNPAID
NA,15869,R055,P.S. 55 - STATEN ISLAND,1311249,93283,CIP,"Bracamonte, Jesus",PO 18 Asbestos Service,Initial,NEW,09-14-2024,"$4,000.00 ",,,,,,,,UNPAID
24S-065,15869,R059,THE HARBOR VIEW SCHOOL - STATEN ISLAND,1300413,92564,CIP,"Bracamonte, Jesus",Special Program,Initial,NEW,07-24-2024,"$4,000.00 ",,,,,,,,UNPAID
23S-021,15869,R061,I.S. 61 - STATEN ISLAND,1172020,87748,CIP,"Bracamonte, Jesus",PO 18 Asbestos Service,Initial,WIP,03-27-2023,"$9,075.00 ",,,,,,,,UNPAID
24S-021,15869,R075,I.S. 75 - STATEN ISLAND,1224929,91329,CIP,"Bracamonte, Jesus",PO 18 Asbestos Service,Initial,NEW,03-27-2024,"$17,575.00 ",,,,,,,,UNPAID
23S-080,15869,R040,P.S. 373 (OLD P40) - STATEN ISLAND,1194257,89229,CIP,"Bracamonte, Jesus",PO 18 Asbestos Service,Initial,Closed,06-03-2024,$575.00 ,09-01-2023,09-02-2023,126,8/12/2024,"$2,964.88 ","$2,964.88 ",8/28/2024,PAID
22S-001,15869,R435,NEW DORP HS (NEW) - STATEN ISLAND,1116702,84575,CIP,"Bracamonte, Jesus",PO 18 Asbestos Service,RFA,Closed,03-01-2022,$575.00 ,03-16-2022,04-03-2022,4,11/14/2022,"$12,189.08 ","$12,189.08 ",12/13/2022,PAID
24S-005,15869,R435,NEW DORP HS (NEW) - STATEN ISLAND,1213180,90083,CIP,"Bracamonte, Jesus",LAP Construction Phase Services,Initial,NEW,01-04-2024,"$14,000.00 ",,,,,,,,UNPAID
NA,15869,R435,NEW DORP HS (NEW) - STATEN ISLAND,1304869,92950,CIP,"Bracamonte, Jesus",Special Program,Initial,NEW,08-16-2024,"$4,000.00 ",,,,,,,,UNPAID
24S-099,15869,R440,STATEN ISLAND TECHNIAL HS - STATEN ISLAND,1312305,93263,CIP,"Bracamonte, Jesus",PO 18 Asbestos Service,Initial,Closed,09-14-2024,"$10,200.00 ",09-14-2024,09-22-2024,146,1/27/2025,"$10,352.63 ","$10,352.63 ",,PAID
23S-056,15869,R455,TOTTENVILLE HS - STATEN ISLAND,1187909,88731,CIP,"Bracamonte, Jesus",PO 18 Asbestos Service,Initial,WIP,07-13-2023,$575.00 ,,,,,,,,UNPAID
NA,15869,R455,TOTTENVILLE HS - STATEN ISLAND,1304791,92921,CIP,"Bracamonte, Jesus",Special Program,Initial,NEW,08-10-2024,"$4,000.00 ",,,,,,,,UNPAID
23S-024,15869,R460,SUSAN R. WAGNER HS - STATEN ISLAND,1173054,87850,CIP,"Bracamonte, Jesus",PO 18 Asbestos Service,Initial,Closed,04-10-2023,"$21,520.00 ",04-06-2023,06-18-2023,46,10/16/2023,"$8,225.58 ","$8,225.58 ",11/8/2023,PAID
24S-091,15869,R825,P.S. (MOUNT LORETTO) - STATEN ISLAND,1311251,93259,CIP,"Bracamonte, Jesus",PO 18 Asbestos Service,Initial,NEW,09-08-2024,$575.00 ,09-08-2024,09-09-2024,,,,,,UNPAID
24S-067,15869,R831,P.S. 74 - STATEN ISLAND,1301196,92576,CIP,"Bracamonte, Jesus",Special Program,Initial,Closed,07-24-2024,"$4,000.00 ",08-01-2024,08-01-2024,145,12/31/2024,"$2,338.38 ","$2,338.38 ",1/22/2025,PAID
19S-277,15869,R880,P.S. 80 (PETR COMPL-BLDG B) - STATEN ISLAND,1002367,73232,CIP,"Scott, Richard",PO 18 Asbestos Service,Initial,Closed,12-12-2019,$500.00 ,08-11-2022,08-17-2022,4186,7/20/2023,"$12,270.54 ","$12,270.54 ",7/25/2023,PAID
22S-048,15869,R880,P.S. 80 (PETR COMPL-BLDG B) - STATEN ISLAND,1137953,85984,CIP,"Bracamonte, Jesus",PO 18 Asbestos Service,Initial,Closed,08-25-2022,"$10,500.00 ",09-14-2022,10-16-2022,75,4/18/2024,"$5,623.40 ","$5,623.40 ",5/10/2024,PAID
NA,15869,R883,P.S. 80 AX (PETR COMPL-BLDG K) - STATEN ISLAND,1327776,94296,CIP,"Bracamonte, Jesus",PO 18 Asbestos Service,Initial,NEW,12-19-2024,$575.00 ,,,,,,,,UNPAID
23S-085,15869,X005,P.S. 5 - BRONX,1196035,89249,CIP,"Alawamleh, Eman",PO 18 Asbestos Service,Initial,Closed,09-15-2023,$575.00 ,09-14-2023,09-16-2023,84,5/1/2024,"$11,013.50 ","$11,013.50 ",7/1/2024,PAID
24S-057,15869,X005,P.S. 5 - BRONX,1243687,92195,CIP,"Bracamonte, Jesus",LAP Construction Phase Services,Initial,NEW,06-28-2024,"$16,700.00 ",,,,,,,,UNPAID
23S-064,15869,X011,P.S. 19 - BRONX,1188192,88729,CIP,"Kowalski, Zbigniew",PO 18 Asbestos Service,Amendment,Closed,07-24-2023,$575.00 ,08-07-2023,08-08-2023,94,5/24/2024,"$5,219.18 ","$5,219.18 ",7/5/2024,PAID
23S-038,15869,X019,P.S. 19 - BRONX,1183897,88212,CIP,"Kowalski, Zbigniew",PO 18 Asbestos Service,Initial,Closed,07-14-2023,"$54,580.50 ",08-17-2023,08-20-2023,133,9/19/2024,"$13,225.51 ","$13,225.51 ",11/6/2024,PAID
23S-018,15869,X027,P.S. 277 - BRONX,1169734,87524,CIP,"Alawamleh, Eman",PO 18 Asbestos Service,Initial,Closed,03-02-2023,$575.00 ,07-07-2023,07-09-2023,88,5/6/2024,"$8,304.05 ","$8,304.05 ",7/1/2024,PAID
NA,15869,X028,P.S. 28 - BRONX,1308103,93164,CIP,"Kowalski, Zbigniew",PO 18 Asbestos Service,Initial,NEW,08-30-2024,$575.00 ,,,,,,,,UNPAID
23S-025,15869,X041,P.S. 41 - BRONX,1174668,87890,CIP,"Kowalski, Zbigniew",PO 18 Asbestos Service,Initial,WIP,04-11-2023,$575.00 ,,,,,,,,UNPAID
23S-014,15869,X049,P.S. 49 - BRONX,1167051,87395,CIP,"Alawamleh, Eman",PO 18 Asbestos Service,Initial,Closed,02-14-2023,$575.00 ,02-09-2023,02-12-2023,91,5/7/2024,"$6,073.75 ","$6,073.75 ",7/1/2024,PAID
24S-055,15869,X065,P.S. 65 - BRONX,1244229,92350,CIP,"Bracamonte, Jesus",PO 18 Asbestos Service,Initial,NEW,07-12-2024,$575.00 ,,,,,,,,UNPAID
24S-044,15869,X074,I.S. 201 - BRONX,1234316,91863,CIP,,LAP Construction Phase Services,Initial,NEW,05-28-2024,$300.00 ,,,,,,,,UNPAID
23S-114,15869,X075,P.S. 75 - BRONX,1205150,89840,CIP,"Alawamleh, Eman",PO 18 Asbestos Service,Initial,NEW,11-14-2023,$575.00 ,,,,,,,,UNPAID
23S-034,15869,X080,P.S. 80 - BRONX,1171504,87691,CIP,"Kowalski, Zbigniew",PO 18 Asbestos Service,Initial,Closed,05-12-2023,$575.00 ,07-31-2023,08-10-2023,79,4/22/2024,"$20,602.27 ","$20,602.27 ",6/20/2024,PAID
23S-059,15869,X085,P.S. 85 - BRONX,1188194,88763,CIP,"Zarrabi, Abdi",PO 18 Asbestos Service,Amendment,WIP,07-19-2023,$575.00 ,,,,,,,,UNPAID
23S-065,15869,X085,P.S. 85 - BRONX,1188698,88845,CIP,"Kowalski, Zbigniew",PO 18 Asbestos Service,Amendment,Closed,07-25-2023,"$3,075.00 ",07-24-2023,08-17-2023,92,5/13/2024,"$4,410.05 ",$0.00 ,,UNPAID
23S-111,15869,X085,P.S. 85 - BRONX,1202987,89844,CIP,"Kowalski, Zbigniew",PO 18 Asbestos Service,Initial,Closed,10-30-2023,"$6,575.00 ",01-25-2024,01-28-2024,117,7/31/2024,"$7,352.25 ","$7,352.25 ",9/12/2024,PAID
24S-088,15869,X086,P.S. 86 - BRONX,1304685,92919,CIP,"Bracamonte, Jesus",PO 18 Asbestos Service,Initial,NEW,08-19-2024,$575.00 ,,,,,,,,UNPAID
22S-024,15869,X093,P.S. 93 - BRONX,1131990,85532,CIP,"Alawamleh, Eman",PO 18 Asbestos Service,RFA,Closed,06-01-2022,$575.00 ,06-30-2022,07-02-2022,6,12/28/2022,"$6,339.90 ","$6,339.90 ",3/8/2023,PAID
23S-003,15869,X101,I.S. 101 - BRONX,1163449,87019,CIP,"Bracamonte, Jesus",LAP Construction Phase Services,Initial,Closed,02-03-2023,"$38,500.00 ",02-24-2023,12-15-2023,132,8/23/2024,"$37,718.95 ","$37,718.95 ",10/1/2024,PAID
23S-053,15869,X101,I.S. 101 - BRONX,1183976,88398,CIP,"Alawamleh, Eman",PO 18 Asbestos Service,Initial,Closed,06-15-2023,$575.00 ,09-21-2023,09-24-2023,58,2/21/2024,"$6,284.13 ","$6,284.13 ",,PAID
23S-058,15869,X101,I.S. 101 - BRONX,1186918,88631,CIP,"Bracamonte, Jesus",LAP Construction Phase Services,Initial,Closed,07-19-2023,"$9,020.00 ",12-15-2023,12-17-2023,100,6/5/2024,"$6,341.50 ",$0.00 ,,UNPAID
NA,15869,X101,I.S. 101 - BRONX,1308103,93164,CIP,"Kowalski, Zbigniew",PO 18 Asbestos Service,Initial,NEW,08-30-2024,$575.00 ,,,,,,$0.00 ,,UNPAID
NA,15869,X102,P.S. 102 - BRONX,1328013,93969,CIP,"Bracamonte, Jesus",LAP Construction Phase Services,Initial,NEW,12-26-2024,"$15,045.00 ",,,,,,$0.00 ,,UNPAID
23S-052,15869,X107,I.S. 107 - BRONX,1185462,88307,CIP,"Alawamleh, Eman",PO 18 Asbestos Service,Initial,WIP,06-21-2023,$575.00 ,,,,,,$0.00 ,,UNPAID
22S-036,15869,X127,I.S. 127 - BRONX,1135064,85704,CIP,"Kowalski, Zbigniew",PO 18 Asbestos Service,RFA,Closed,07-22-2022,"$8,875.00 ",07-22-2022,07-25-2022,24,7/5/2023,"$11,811.36 ","$11,811.36 ",9/22/2023,PAID
NA,15869,X131,I.S. 131 - BRONX,1335358,94778,CIP,"Alawamleh, Eman",PO 18 Asbestos Service,Initial,NEW,02-14-2025,$575.00 ,,,,,,,,UNPAID
23S-082,15869,X146,P.S. 146 - BRONX,1195355,89316,CIP,"Alawamleh, Eman",PO 18 Asbestos Service,Initial,WIP,09-11-2023,$575.00 ,,,,,,,,UNPAID
24S-058,15869,X149,J.H.S. 149 - BRONX,1243686,92199,CIP,,LAP Construction Phase Services,Initial,NEW,06-28-2024,"$16,700.00 ",,,,,,,,UNPAID
NA,15869,X161,P.S. 161 - BRONX,1335270,94786,CIP,"Alawamleh, Eman",PO 18 Asbestos Service,Initial,NEW,02-19-2025,$575.00 ,,,,,,,,UNPAID
23S-013,15869,X401,BRONX REGIONAL HS (OLD 133) - BRONX,1165246,87286,CIP,"Kowalski, Zbigniew",PO 18 Asbestos Service,Initial,Closed,02-06-2023,$575.00 ,03-23-2023,03-25-2023,51,2/7/2024,"$7,268.63 ","$7,268.63 ",3/18/2024,PAID
22S-028,15869,X425,EVANDER CHILDS HS - BRONX,1130024,85491,CIP,"Kowalski, Zbigniew",PO 18 Asbestos Service,RFA,Closed,07-06-2022,$575.00 ,08-11-2022,08-13-2022,14,6/20/2023,"$6,187.21 ","$6,187.21 ",7/11/2023,PAID
22S-061,15869,X455,HARRY S TRUMAN HS - BRONX,1146848,85699,CIP,"Kowalski, Zbigniew",PO 18 Asbestos Service,RFA,Closed,09-29-2022,$575.00 ,02-21-2023,02-24-2023,34,9/6/2023,"$8,454.45 ","$8,454.45 ",10/13/2023,PAID
22S-023,15869,X470,SOUTH BRONX EDUCATIONAL CAMPUS (OLD 38) - BRONX,1128873,85247,CIP,"Alawamleh, Eman",PO 18 Asbestos Service,Initial,Closed,06-23-2022,$575.00 ,02-16-2023,04-08-2023,45,10/11/2023,"$26,283.31 ","$26,283.31 ",5/21/2024,PAID
23S-035,15869,X470,SOUTH BRONX EDUCATIONAL CAMPUS (OLD 38) - BRONX,1175547,87938,CIP,"Alawamleh, Eman",PO 18 Asbestos Service,Initial,Closed,05-10-2023,$575.00 ,08-17-2023,08-19-2023,64,3/20/2024,"$7,061.55 ",$0.00 ,,UNPAID
22S-026,15869,X470,SOUTH BRONX EDUCATIONAL CAMPUS (OLD 38) - BRONX,1131033,85485,CIP,"Alawamleh, Eman",PO 18 Asbestos Service,Initial,Closed,07-08-2022,$575.00 ,07-07-2022,07-09-2022,67,3/26/2024,"$7,124.33 ","$7,124.33 ",5/29/2024,PAID
23S-041,15869,X807,DISTRICT OFFICE #7 (OLD 18) - BRONX,1180607,88248,CIP,"Alawamleh, Eman",PO 18 Asbestos Service,Initial,WIP,05-24-2023,$575.00 ,,,,,,,,UNPAID
22S-081,15869,X843,P.S. 246 (POE CENTER) - BRONX,1158558,86979,CIP,"Kowalski, Zbigniew",PO 18 Asbestos Service,Initial,WIP,12-21-2022,"$8,575.00 ",,,,,,,,UNPAID